{"cameraMode":{"drawMode":0,"name":"Shaded","section":"Shading Mode"},"sceneLighting":false,"audioPlay":false,"sceneViewState":{"showFog":true,"showMaterialUpdate":false,"showSkybox":false,"showFlares":true,"showImageEffects":true,"showParticleSystems":true},"in2DMode":false,"pivot":{"x":-3.692079782485962,"y":3.264036178588867,"z":0.2247055172920227},"rotation":{"x":-0.1789669394493103,"y":-0.6119754314422607,"z":0.1447504609823227,"w":-0.7566400170326233},"size":3.9506940841674806,"orthographic":false}