{"cameraMode":{"drawMode":0,"name":"Shaded","section":"Shading Mode"},"sceneLighting":false,"audioPlay":false,"sceneViewState":{"showFog":true,"showMaterialUpdate":false,"showSkybox":true,"showFlares":true,"showImageEffects":true,"showParticleSystems":true},"in2DMode":false,"pivot":{"x":-1.8894224166870118,"y":-13.204486846923829,"z":7.587348937988281},"rotation":{"x":0.2828785479068756,"y":-0.015002639964222908,"z":0.0044240448623895649,"w":0.9590281844139099},"size":34.16532897949219,"orthographic":false}