{"cameraMode":{"drawMode":0,"name":"Shaded","section":"Shading Mode"},"sceneLighting":false,"audioPlay":false,"sceneViewState":{"showFog":true,"showMaterialUpdate":false,"showSkybox":false,"showFlares":true,"showImageEffects":true,"showParticleSystems":true},"in2DMode":false,"pivot":{"x":98.6129379272461,"y":-111.513671875,"z":80.06266784667969},"rotation":{"x":0.5281686186790466,"y":0.05695195123553276,"z":-0.03553533926606178,"w":0.8464819192886353},"size":1291.3489990234375,"orthographic":false}