{"cameraMode":{"drawMode":0,"name":"Shaded","section":"Shading Mode"},"sceneLighting":false,"audioPlay":false,"sceneViewState":{"showFog":true,"showMaterialUpdate":false,"showSkybox":false,"showFlares":true,"showImageEffects":true,"showParticleSystems":true},"in2DMode":false,"pivot":{"x":-6.758665561676025,"y":-0.7674741744995117,"z":-3.3584256172180177},"rotation":{"x":0.27927127480506899,"y":-0.31152644753456118,"z":0.09632696211338043,"w":0.9031500220298767},"size":9.901374816894532,"orthographic":false}