{"cameraMode":{"drawMode":0,"name":"Shaded","section":"Shading Mode"},"sceneLighting":false,"audioPlay":false,"sceneViewState":{"showFog":true,"showMaterialUpdate":false,"showSkybox":false,"showFlares":true,"showImageEffects":true,"showParticleSystems":true},"in2DMode":false,"pivot":{"x":-0.5876868963241577,"y":0.9544384479522705,"z":-15.445420265197754},"rotation":{"x":-0.23039132356643678,"y":0.051948390901088718,"z":-0.01231716200709343,"w":-0.9716324210166931},"size":2.8578836917877199,"orthographic":false}