{"cameraMode":{"drawMode":0,"name":"Shaded","section":"Shading Mode"},"sceneLighting":false,"audioPlay":false,"sceneViewState":{"showFog":true,"showMaterialUpdate":false,"showSkybox":false,"showFlares":true,"showImageEffects":true,"showParticleSystems":true},"in2DMode":false,"pivot":{"x":-5.102087497711182,"y":0.6861509084701538,"z":-36.58432388305664},"rotation":{"x":0.022236697375774385,"y":-0.9697308540344238,"z":0.09663688391447067,"w":0.22313426434993745},"size":3.4416584968566896,"orthographic":false}