{"cameraMode":{"drawMode":0,"name":"Shaded","section":"Shading Mode"},"sceneLighting":false,"audioPlay":false,"sceneViewState":{"showFog":true,"showMaterialUpdate":false,"showSkybox":false,"showFlares":true,"showImageEffects":true,"showParticleSystems":true},"in2DMode":false,"pivot":{"x":-5.325523376464844,"y":1.1625852584838868,"z":-38.826332092285159},"rotation":{"x":0.008553500287234784,"y":-0.9901809692382813,"z":0.07024510204792023,"w":0.12055761367082596},"size":4.041658401489258,"orthographic":false}