{"cameraMode":{"drawMode":0,"name":"Shaded","section":"Shading Mode"},"sceneLighting":false,"audioPlay":false,"sceneViewState":{"showFog":true,"showMaterialUpdate":false,"showSkybox":false,"showFlares":true,"showImageEffects":true,"showParticleSystems":true},"in2DMode":false,"pivot":{"x":-11.121999740600586,"y":1.0,"z":-11.100000381469727},"rotation":{"x":-0.24163924157619477,"y":0.35480451583862307,"z":-0.09545932710170746,"w":-0.8981156945228577},"size":5.715767860412598,"orthographic":false}