{"cameraMode":{"drawMode":0,"name":"Shaded","section":"Shading Mode"},"sceneLighting":false,"audioPlay":false,"sceneViewState":{"showFog":true,"showMaterialUpdate":false,"showSkybox":false,"showFlares":true,"showImageEffects":true,"showParticleSystems":true},"in2DMode":false,"pivot":{"x":-0.2799697518348694,"y":0.6087113618850708,"z":-1.3693197965621949},"rotation":{"x":-0.13089199364185334,"y":-0.08375473320484162,"z":0.011098572053015232,"w":-0.9877901077270508},"size":0.1428941935300827,"orthographic":false}