{"cameraMode":{"drawMode":0,"name":"Shaded","section":"Shading Mode"},"sceneLighting":true,"audioPlay":false,"sceneViewState":{"showFog":true,"showMaterialUpdate":false,"showSkybox":true,"showFlares":true,"showImageEffects":true,"showParticleSystems":true},"in2DMode":false,"pivot":{"x":0.17762194573879243,"y":6.015100955963135,"z":-37.074989318847659},"rotation":{"x":-0.28719809651374819,"y":-0.010614873841404915,"z":0.0031842736061662437,"w":-0.9578071236610413},"size":10.0,"orthographic":false}