{"cameraMode":{"drawMode":0,"name":"Shaded","section":"Shading Mode"},"sceneLighting":false,"audioPlay":false,"sceneViewState":{"showFog":true,"showMaterialUpdate":false,"showSkybox":false,"showFlares":true,"showImageEffects":true,"showParticleSystems":true},"in2DMode":false,"pivot":{"x":-2.871103286743164,"y":0.9457706212997437,"z":-1.808585286140442},"rotation":{"x":0.22144417464733125,"y":-0.028424745425581933,"z":0.006454975809901953,"w":0.9747374057769775},"size":9.901374816894532,"orthographic":false}