{"cameraMode":{"drawMode":0,"name":"Shaded","section":"Shading Mode"},"sceneLighting":false,"audioPlay":false,"sceneViewState":{"showFog":true,"showMaterialUpdate":false,"showSkybox":false,"showFlares":true,"showImageEffects":true,"showParticleSystems":true},"in2DMode":false,"pivot":{"x":4.50498628616333,"y":1.8150506019592286,"z":-18.473617553710939},"rotation":{"x":0.0016751602524891496,"y":-0.9981502294540405,"z":0.051283273845911029,"w":0.032610196620225909},"size":0.9884591102600098,"orthographic":false}