{"cameraMode":{"drawMode":0,"name":"Shaded","section":"Shading Mode"},"sceneLighting":false,"audioPlay":false,"sceneViewState":{"showFog":true,"showMaterialUpdate":false,"showSkybox":false,"showFlares":true,"showImageEffects":true,"showParticleSystems":true},"in2DMode":false,"pivot":{"x":12.987937927246094,"y":-3.0706441402435304,"z":16.49957275390625},"rotation":{"x":-0.09984371066093445,"y":-0.27013635635375979,"z":0.028183314949274064,"w":-0.9572164416313171},"size":5.835457801818848,"orthographic":false}