{"cameraMode":{"drawMode":0,"name":"Shaded","section":"Shading Mode"},"sceneLighting":false,"audioPlay":false,"sceneViewState":{"showFog":true,"showMaterialUpdate":false,"showSkybox":false,"showFlares":true,"showImageEffects":true,"showParticleSystems":true},"in2DMode":false,"pivot":{"x":5.440000057220459,"y":1.0,"z":13.220000267028809},"rotation":{"x":0.39579111337661745,"y":-0.008076678961515427,"z":0.0034736376255750658,"w":0.9182984828948975},"size":5.7157673835754398,"orthographic":false}