{"cameraMode":{"drawMode":0,"name":"Shaded","section":"Shading Mode"},"sceneLighting":false,"audioPlay":false,"sceneViewState":{"showFog":true,"showMaterialUpdate":false,"showSkybox":true,"showFlares":true,"showImageEffects":true,"showParticleSystems":true},"in2DMode":false,"pivot":{"x":6.3767008781433109,"y":-74.2383804321289,"z":93.20655059814453},"rotation":{"x":-0.30589917302131655,"y":-0.023599877953529359,"z":0.0075940634123981,"w":-0.951741099357605},"size":138.59527587890626,"orthographic":false}