{"cameraMode":{"drawMode":0,"name":"Shaded","section":"Shading Mode"},"sceneLighting":false,"audioPlay":false,"sceneViewState":{"showFog":true,"showMaterialUpdate":false,"showSkybox":false,"showFlares":true,"showImageEffects":true,"showParticleSystems":true},"in2DMode":false,"pivot":{"x":2.3660569190979006,"y":1.1397175788879395,"z":-21.19829750061035},"rotation":{"x":0.01770598813891411,"y":-0.973913848400116,"z":0.08174686878919602,"w":0.21094001829624177},"size":3.7236716747283937,"orthographic":false}