{"cameraMode":{"drawMode":0,"name":"Shaded","section":"Shading Mode"},"sceneLighting":false,"audioPlay":false,"sceneViewState":{"showFog":true,"showMaterialUpdate":false,"showSkybox":false,"showFlares":true,"showImageEffects":true,"showParticleSystems":true},"in2DMode":false,"pivot":{"x":2.3748725652694703e-8,"y":0.0,"z":1.862645149230957e-9},"rotation":{"x":-0.1948462873697281,"y":0.31627514958381655,"z":-0.06654507666826248,"w":-0.9260544180870056},"size":0.0379536971449852,"orthographic":false}