{"cameraMode":{"drawMode":0,"name":"Shaded","section":"Shading Mode"},"sceneLighting":false,"audioPlay":false,"sceneViewState":{"showFog":true,"showMaterialUpdate":false,"showSkybox":false,"showFlares":true,"showImageEffects":true,"showParticleSystems":true},"in2DMode":false,"pivot":{"x":7.246215343475342,"y":-4.035892486572266,"z":20.300575256347658},"rotation":{"x":-0.08931712806224823,"y":-0.28762274980545046,"z":0.02695760689675808,"w":-0.9531888365745544},"size":10.008718490600586,"orthographic":false}